<?xml version="1.0" encoding="utf-8"?>
<modification>
    <name>SEO Breadcrumbs</name>
    <version>0.9</version>
    <author>selby.su</author>
    <link>https://selby.su</link>
    <code>seo_breadcrumbs</code>

    <file path="catalog/view/theme/default/template/account/account.twig">
        <operation>
            <search><![CDATA[ <ul class="breadcrumb"> ]]></search>
            <add position="replace" offset="5"><![CDATA[
  <ul class="breadcrumb" itemscope itemtype="https://schema.org/BreadcrumbList">
    {% for key, breadcrumb in breadcrumbs %}
      {% if key + 1 < breadcrumbs|length %}
      <li itemprop="itemListElement" itemscope itemtype="https://schema.org/ListItem">
        <a itemscope itemtype="https://schema.org/Thing" itemprop="item" href="{{ breadcrumb.href }}"><span itemprop="name">{{ breadcrumb.text }}</span></a>
        <meta itemprop="position" content="{{key+1}}">
      </li>
      {% else %}
      <li itemprop="itemListElement" itemscope itemtype="https://schema.org/ListItem">
        <span itemprop="name">{{ breadcrumb.text }}</span>
        <meta itemprop="position" content="{{key+1}}">
      </li>
      {% endif %}
    {% endfor %}
  </ul>]]></add>
        </operation>
    </file>
    <file path="catalog/view/theme/default/template/account/address_form.twig">
        <operation>
            <search><![CDATA[ <ul class="breadcrumb"> ]]></search>
            <add position="replace" offset="5"><![CDATA[
  <ul class="breadcrumb" itemscope itemtype="https://schema.org/BreadcrumbList">
    {% for key, breadcrumb in breadcrumbs %}
      {% if key + 1 < breadcrumbs|length %}
      <li itemprop="itemListElement" itemscope itemtype="https://schema.org/ListItem">
        <a itemscope itemtype="https://schema.org/Thing" itemprop="item" href="{{ breadcrumb.href }}"><span itemprop="name">{{ breadcrumb.text }}</span></a>
        <meta itemprop="position" content="{{key+1}}">
      </li>
      {% else %}
      <li itemprop="itemListElement" itemscope itemtype="https://schema.org/ListItem">
        <span itemprop="name">{{ breadcrumb.text }}</span>
        <meta itemprop="position" content="{{key+1}}">
      </li>
      {% endif %}
    {% endfor %}
  </ul>]]></add>
        </operation>
    </file>
    <file path="catalog/view/theme/default/template/account/address_list.twig">
        <operation>
            <search><![CDATA[ <ul class="breadcrumb"> ]]></search>
            <add position="replace" offset="5"><![CDATA[
  <ul class="breadcrumb" itemscope itemtype="https://schema.org/BreadcrumbList">
    {% for key, breadcrumb in breadcrumbs %}
      {% if key + 1 < breadcrumbs|length %}
      <li itemprop="itemListElement" itemscope itemtype="https://schema.org/ListItem">
        <a itemscope itemtype="https://schema.org/Thing" itemprop="item" href="{{ breadcrumb.href }}"><span itemprop="name">{{ breadcrumb.text }}</span></a>
        <meta itemprop="position" content="{{key+1}}">
      </li>
      {% else %}
      <li itemprop="itemListElement" itemscope itemtype="https://schema.org/ListItem">
        <span itemprop="name">{{ breadcrumb.text }}</span>
        <meta itemprop="position" content="{{key+1}}">
      </li>
      {% endif %}
    {% endfor %}
  </ul>]]></add>
        </operation>
    </file>
    <file path="catalog/view/theme/default/template/account/reward.twig">
        <operation>
            <search><![CDATA[ <ul class="breadcrumb"> ]]></search>
            <add position="replace" offset="5"><![CDATA[
  <ul class="breadcrumb" itemscope itemtype="https://schema.org/BreadcrumbList">
    {% for key, breadcrumb in breadcrumbs %}
      {% if key + 1 < breadcrumbs|length %}
      <li itemprop="itemListElement" itemscope itemtype="https://schema.org/ListItem">
        <a itemscope itemtype="https://schema.org/Thing" itemprop="item" href="{{ breadcrumb.href }}"><span itemprop="name">{{ breadcrumb.text }}</span></a>
        <meta itemprop="position" content="{{key+1}}">
      </li>
      {% else %}
      <li itemprop="itemListElement" itemscope itemtype="https://schema.org/ListItem">
        <span itemprop="name">{{ breadcrumb.text }}</span>
        <meta itemprop="position" content="{{key+1}}">
      </li>
      {% endif %}
    {% endfor %}
  </ul>]]></add>
        </operation>
    </file>
    <file path="catalog/view/theme/default/template/account/tracking.twig">
        <operation>
            <search><![CDATA[ <ul class="breadcrumb"> ]]></search>
            <add position="replace" offset="5"><![CDATA[
  <ul class="breadcrumb" itemscope itemtype="https://schema.org/BreadcrumbList">
    {% for key, breadcrumb in breadcrumbs %}
      {% if key + 1 < breadcrumbs|length %}
      <li itemprop="itemListElement" itemscope itemtype="https://schema.org/ListItem">
        <a itemscope itemtype="https://schema.org/Thing" itemprop="item" href="{{ breadcrumb.href }}"><span itemprop="name">{{ breadcrumb.text }}</span></a>
        <meta itemprop="position" content="{{key+1}}">
      </li>
      {% else %}
      <li itemprop="itemListElement" itemscope itemtype="https://schema.org/ListItem">
        <span itemprop="name">{{ breadcrumb.text }}</span>
        <meta itemprop="position" content="{{key+1}}">
      </li>
      {% endif %}
    {% endfor %}
  </ul>]]></add>
        </operation>
    </file>
    <file path="catalog/view/theme/default/template/account/transaction.twig">
        <operation>
            <search><![CDATA[ <ul class="breadcrumb"> ]]></search>
            <add position="replace" offset="5"><![CDATA[
  <ul class="breadcrumb" itemscope itemtype="https://schema.org/BreadcrumbList">
    {% for key, breadcrumb in breadcrumbs %}
      {% if key + 1 < breadcrumbs|length %}
      <li itemprop="itemListElement" itemscope itemtype="https://schema.org/ListItem">
        <a itemscope itemtype="https://schema.org/Thing" itemprop="item" href="{{ breadcrumb.href }}"><span itemprop="name">{{ breadcrumb.text }}</span></a>
        <meta itemprop="position" content="{{key+1}}">
      </li>
      {% else %}
      <li itemprop="itemListElement" itemscope itemtype="https://schema.org/ListItem">
        <span itemprop="name">{{ breadcrumb.text }}</span>
        <meta itemprop="position" content="{{key+1}}">
      </li>
      {% endif %}
    {% endfor %}
  </ul>]]></add>
        </operation>
    </file>
    <file path="catalog/view/theme/default/template/account/voucher.twig">
        <operation>
            <search><![CDATA[ <ul class="breadcrumb"> ]]></search>
            <add position="replace" offset="5"><![CDATA[
  <ul class="breadcrumb" itemscope itemtype="https://schema.org/BreadcrumbList">
    {% for key, breadcrumb in breadcrumbs %}
      {% if key + 1 < breadcrumbs|length %}
      <li itemprop="itemListElement" itemscope itemtype="https://schema.org/ListItem">
        <a itemscope itemtype="https://schema.org/Thing" itemprop="item" href="{{ breadcrumb.href }}"><span itemprop="name">{{ breadcrumb.text }}</span></a>
        <meta itemprop="position" content="{{key+1}}">
      </li>
      {% else %}
      <li itemprop="itemListElement" itemscope itemtype="https://schema.org/ListItem">
        <span itemprop="name">{{ breadcrumb.text }}</span>
        <meta itemprop="position" content="{{key+1}}">
      </li>
      {% endif %}
    {% endfor %}
  </ul>]]></add>
        </operation>
    </file>
    <file path="catalog/view/theme/default/template/account/wishlist.twig">
        <operation>
            <search><![CDATA[ <ul class="breadcrumb"> ]]></search>
            <add position="replace" offset="5"><![CDATA[
  <ul class="breadcrumb" itemscope itemtype="https://schema.org/BreadcrumbList">
    {% for key, breadcrumb in breadcrumbs %}
      {% if key + 1 < breadcrumbs|length %}
      <li itemprop="itemListElement" itemscope itemtype="https://schema.org/ListItem">
        <a itemscope itemtype="https://schema.org/Thing" itemprop="item" href="{{ breadcrumb.href }}"><span itemprop="name">{{ breadcrumb.text }}</span></a>
        <meta itemprop="position" content="{{key+1}}">
      </li>
      {% else %}
      <li itemprop="itemListElement" itemscope itemtype="https://schema.org/ListItem">
        <span itemprop="name">{{ breadcrumb.text }}</span>
        <meta itemprop="position" content="{{key+1}}">
      </li>
      {% endif %}
    {% endfor %}
  </ul>]]></add>
        </operation>
    </file>

    <file path="catalog/view/theme/default/template/affiliate/login.twig">
        <operation>
            <search><![CDATA[ <ul class="breadcrumb"> ]]></search>
            <add position="replace" offset="5"><![CDATA[
  <ul class="breadcrumb" itemscope itemtype="https://schema.org/BreadcrumbList">
    {% for key, breadcrumb in breadcrumbs %}
      {% if key + 1 < breadcrumbs|length %}
      <li itemprop="itemListElement" itemscope itemtype="https://schema.org/ListItem">
        <a itemscope itemtype="https://schema.org/Thing" itemprop="item" href="{{ breadcrumb.href }}"><span itemprop="name">{{ breadcrumb.text }}</span></a>
        <meta itemprop="position" content="{{key+1}}">
      </li>
      {% else %}
      <li itemprop="itemListElement" itemscope itemtype="https://schema.org/ListItem">
        <span itemprop="name">{{ breadcrumb.text }}</span>
        <meta itemprop="position" content="{{key+1}}">
      </li>
      {% endif %}
    {% endfor %}
  </ul>]]></add>
        </operation>
    </file>
    <file path="catalog/view/theme/default/template/affiliate/register.twig">
        <operation>
            <search><![CDATA[ <ul class="breadcrumb"> ]]></search>
            <add position="replace" offset="5"><![CDATA[
  <ul class="breadcrumb" itemscope itemtype="https://schema.org/BreadcrumbList">
    {% for key, breadcrumb in breadcrumbs %}
      {% if key + 1 < breadcrumbs|length %}
      <li itemprop="itemListElement" itemscope itemtype="https://schema.org/ListItem">
        <a itemscope itemtype="https://schema.org/Thing" itemprop="item" href="{{ breadcrumb.href }}"><span itemprop="name">{{ breadcrumb.text }}</span></a>
        <meta itemprop="position" content="{{key+1}}">
      </li>
      {% else %}
      <li itemprop="itemListElement" itemscope itemtype="https://schema.org/ListItem">
        <span itemprop="name">{{ breadcrumb.text }}</span>
        <meta itemprop="position" content="{{key+1}}">
      </li>
      {% endif %}
    {% endfor %}
  </ul>]]></add>
        </operation>
    </file>

    <file path="catalog/view/theme/default/template/blog/article.twig">
        <operation>
            <search><![CDATA[ <ul class="breadcrumb"> ]]></search>
            <add position="replace" offset="5"><![CDATA[
  <ul class="breadcrumb" itemscope itemtype="https://schema.org/BreadcrumbList">
    {% for key, breadcrumb in breadcrumbs %}
      {% if key + 1 < breadcrumbs|length %}
      <li itemprop="itemListElement" itemscope itemtype="https://schema.org/ListItem">
        <a itemscope itemtype="https://schema.org/Thing" itemprop="item" href="{{ breadcrumb.href }}"><span itemprop="name">{{ breadcrumb.text }}</span></a>
        <meta itemprop="position" content="{{key+1}}">
      </li>
      {% else %}
      <li itemprop="itemListElement" itemscope itemtype="https://schema.org/ListItem">
        <span itemprop="name">{{ breadcrumb.text }}</span>
        <meta itemprop="position" content="{{key+1}}">
      </li>
      {% endif %}
    {% endfor %}
  </ul>]]></add>
        </operation>
    </file>
    <file path="catalog/view/theme/default/template/blog/category.twig">
        <operation>
            <search><![CDATA[ <ul class="breadcrumb"> ]]></search>
            <add position="replace" offset="5"><![CDATA[
  <ul class="breadcrumb" itemscope itemtype="https://schema.org/BreadcrumbList">
    {% for key, breadcrumb in breadcrumbs %}
      {% if key + 1 < breadcrumbs|length %}
      <li itemprop="itemListElement" itemscope itemtype="https://schema.org/ListItem">
        <a itemscope itemtype="https://schema.org/Thing" itemprop="item" href="{{ breadcrumb.href }}"><span itemprop="name">{{ breadcrumb.text }}</span></a>
        <meta itemprop="position" content="{{key+1}}">
      </li>
      {% else %}
      <li itemprop="itemListElement" itemscope itemtype="https://schema.org/ListItem">
        <span itemprop="name">{{ breadcrumb.text }}</span>
        <meta itemprop="position" content="{{key+1}}">
      </li>
      {% endif %}
    {% endfor %}
  </ul>]]></add>
        </operation>
    </file>
    <file path="catalog/view/theme/default/template/blog/latest.twig">
        <operation>
            <search><![CDATA[ <ul class="breadcrumb"> ]]></search>
            <add position="replace" offset="5"><![CDATA[
  <ul class="breadcrumb" itemscope itemtype="https://schema.org/BreadcrumbList">
    {% for key, breadcrumb in breadcrumbs %}
      {% if key + 1 < breadcrumbs|length %}
      <li itemprop="itemListElement" itemscope itemtype="https://schema.org/ListItem">
        <a itemscope itemtype="https://schema.org/Thing" itemprop="item" href="{{ breadcrumb.href }}"><span itemprop="name">{{ breadcrumb.text }}</span></a>
        <meta itemprop="position" content="{{key+1}}">
      </li>
      {% else %}
      <li itemprop="itemListElement" itemscope itemtype="https://schema.org/ListItem">
        <span itemprop="name">{{ breadcrumb.text }}</span>
        <meta itemprop="position" content="{{key+1}}">
      </li>
      {% endif %}
    {% endfor %}
  </ul>]]></add>
        </operation>
    </file>

    <file path="catalog/view/theme/default/template/checkout/cart.twig">
        <operation>
            <search><![CDATA[ <ul class="breadcrumb"> ]]></search>
            <add position="replace" offset="5"><![CDATA[
  <ul class="breadcrumb" itemscope itemtype="https://schema.org/BreadcrumbList">
    {% for key, breadcrumb in breadcrumbs %}
      {% if key + 1 < breadcrumbs|length %}
      <li itemprop="itemListElement" itemscope itemtype="https://schema.org/ListItem">
        <a itemscope itemtype="https://schema.org/Thing" itemprop="item" href="{{ breadcrumb.href }}"><span itemprop="name">{{ breadcrumb.text }}</span></a>
        <meta itemprop="position" content="{{key+1}}">
      </li>
      {% else %}
      <li itemprop="itemListElement" itemscope itemtype="https://schema.org/ListItem">
        <span itemprop="name">{{ breadcrumb.text }}</span>
        <meta itemprop="position" content="{{key+1}}">
      </li>
      {% endif %}
    {% endfor %}
  </ul>]]></add>
        </operation>
    </file>

    <file path="catalog/view/theme/default/template/common/success.twig">
        <operation>
            <search><![CDATA[ <ul class="breadcrumb"> ]]></search>
            <add position="replace" offset="5"><![CDATA[
  <ul class="breadcrumb" itemscope itemtype="https://schema.org/BreadcrumbList">
    {% for key, breadcrumb in breadcrumbs %}
      {% if key + 1 < breadcrumbs|length %}
      <li itemprop="itemListElement" itemscope itemtype="https://schema.org/ListItem">
        <a itemscope itemtype="https://schema.org/Thing" itemprop="item" href="{{ breadcrumb.href }}"><span itemprop="name">{{ breadcrumb.text }}</span></a>
        <meta itemprop="position" content="{{key+1}}">
      </li>
      {% else %}
      <li itemprop="itemListElement" itemscope itemtype="https://schema.org/ListItem">
        <span itemprop="name">{{ breadcrumb.text }}</span>
        <meta itemprop="position" content="{{key+1}}">
      </li>
      {% endif %}
    {% endfor %}
  </ul>]]></add>
        </operation>
    </file>

    <file path="catalog/view/theme/default/template/error/not_found.twig">
        <operation>
            <search><![CDATA[ <ul class="breadcrumb"> ]]></search>
            <add position="replace" offset="5"><![CDATA[
  <ul class="breadcrumb" itemscope itemtype="https://schema.org/BreadcrumbList">
    {% for key, breadcrumb in breadcrumbs %}
      {% if key + 1 < breadcrumbs|length %}
      <li itemprop="itemListElement" itemscope itemtype="https://schema.org/ListItem">
        <a itemscope itemtype="https://schema.org/Thing" itemprop="item" href="{{ breadcrumb.href }}"><span itemprop="name">{{ breadcrumb.text }}</span></a>
        <meta itemprop="position" content="{{key+1}}">
      </li>
      {% else %}
      <li itemprop="itemListElement" itemscope itemtype="https://schema.org/ListItem">
        <span itemprop="name">{{ breadcrumb.text }}</span>
        <meta itemprop="position" content="{{key+1}}">
      </li>
      {% endif %}
    {% endfor %}
  </ul>]]></add>
        </operation>
    </file>

    <file path="catalog/view/theme/default/template/extension/credit_cart/sagepay_direct_form.twig">
        <operation>
            <search><![CDATA[ <ul class="breadcrumb"> ]]></search>
            <add position="replace" offset="5"><![CDATA[
  <ul class="breadcrumb" itemscope itemtype="https://schema.org/BreadcrumbList">
    {% for key, breadcrumb in breadcrumbs %}
      {% if key + 1 < breadcrumbs|length %}
      <li itemprop="itemListElement" itemscope itemtype="https://schema.org/ListItem">
        <a itemscope itemtype="https://schema.org/Thing" itemprop="item" href="{{ breadcrumb.href }}"><span itemprop="name">{{ breadcrumb.text }}</span></a>
        <meta itemprop="position" content="{{key+1}}">
      </li>
      {% else %}
      <li itemprop="itemListElement" itemscope itemtype="https://schema.org/ListItem">
        <span itemprop="name">{{ breadcrumb.text }}</span>
        <meta itemprop="position" content="{{key+1}}">
      </li>
      {% endif %}
    {% endfor %}
  </ul>]]></add>
        </operation>
    </file>
    <file path="catalog/view/theme/default/template/extension/credit_cart/sagepay_direct_list.twig">
        <operation>
            <search><![CDATA[ <ul class="breadcrumb"> ]]></search>
            <add position="replace" offset="5"><![CDATA[
  <ul class="breadcrumb" itemscope itemtype="https://schema.org/BreadcrumbList">
    {% for key, breadcrumb in breadcrumbs %}
      {% if key + 1 < breadcrumbs|length %}
      <li itemprop="itemListElement" itemscope itemtype="https://schema.org/ListItem">
        <a itemscope itemtype="https://schema.org/Thing" itemprop="item" href="{{ breadcrumb.href }}"><span itemprop="name">{{ breadcrumb.text }}</span></a>
        <meta itemprop="position" content="{{key+1}}">
      </li>
      {% else %}
      <li itemprop="itemListElement" itemscope itemtype="https://schema.org/ListItem">
        <span itemprop="name">{{ breadcrumb.text }}</span>
        <meta itemprop="position" content="{{key+1}}">
      </li>
      {% endif %}
    {% endfor %}
  </ul>]]></add>
        </operation>
    </file>
    <file path="catalog/view/theme/default/template/extension/credit_cart/sagepay_server_list.twig">
        <operation>
            <search><![CDATA[ <ul class="breadcrumb"> ]]></search>
            <add position="replace" offset="5"><![CDATA[
  <ul class="breadcrumb" itemscope itemtype="https://schema.org/BreadcrumbList">
    {% for key, breadcrumb in breadcrumbs %}
      {% if key + 1 < breadcrumbs|length %}
      <li itemprop="itemListElement" itemscope itemtype="https://schema.org/ListItem">
        <a itemscope itemtype="https://schema.org/Thing" itemprop="item" href="{{ breadcrumb.href }}"><span itemprop="name">{{ breadcrumb.text }}</span></a>
        <meta itemprop="position" content="{{key+1}}">
      </li>
      {% else %}
      <li itemprop="itemListElement" itemscope itemtype="https://schema.org/ListItem">
        <span itemprop="name">{{ breadcrumb.text }}</span>
        <meta itemprop="position" content="{{key+1}}">
      </li>
      {% endif %}
    {% endfor %}
  </ul>]]></add>
        </operation>
    </file>
    <file path="catalog/view/theme/default/template/extension/credit_cart/squareup.twig">
        <operation>
            <search><![CDATA[ <ul class="breadcrumb"> ]]></search>
            <add position="replace" offset="5"><![CDATA[
  <ul class="breadcrumb" itemscope itemtype="https://schema.org/BreadcrumbList">
    {% for key, breadcrumb in breadcrumbs %}
      {% if key + 1 < breadcrumbs|length %}
      <li itemprop="itemListElement" itemscope itemtype="https://schema.org/ListItem">
        <a itemscope itemtype="https://schema.org/Thing" itemprop="item" href="{{ breadcrumb.href }}"><span itemprop="name">{{ breadcrumb.text }}</span></a>
        <meta itemprop="position" content="{{key+1}}">
      </li>
      {% else %}
      <li itemprop="itemListElement" itemscope itemtype="https://schema.org/ListItem">
        <span itemprop="name">{{ breadcrumb.text }}</span>
        <meta itemprop="position" content="{{key+1}}">
      </li>
      {% endif %}
    {% endfor %}
  </ul>]]></add>
        </operation>
    </file>

    <file path="catalog/view/theme/default/template/information/contact.twig">
        <operation>
            <search><![CDATA[ <ul class="breadcrumb"> ]]></search>
            <add position="replace" offset="5"><![CDATA[
  <ul class="breadcrumb" itemscope itemtype="https://schema.org/BreadcrumbList">
    {% for key, breadcrumb in breadcrumbs %}
      {% if key + 1 < breadcrumbs|length %}
      <li itemprop="itemListElement" itemscope itemtype="https://schema.org/ListItem">
        <a itemscope itemtype="https://schema.org/Thing" itemprop="item" href="{{ breadcrumb.href }}"><span itemprop="name">{{ breadcrumb.text }}</span></a>
        <meta itemprop="position" content="{{key+1}}">
      </li>
      {% else %}
      <li itemprop="itemListElement" itemscope itemtype="https://schema.org/ListItem">
        <span itemprop="name">{{ breadcrumb.text }}</span>
        <meta itemprop="position" content="{{key+1}}">
      </li>
      {% endif %}
    {% endfor %}
  </ul>]]></add>
        </operation>
    </file>
    <file path="catalog/view/theme/default/template/information/information.twig">
        <operation>
            <search><![CDATA[ <ul class="breadcrumb"> ]]></search>
            <add position="replace" offset="5"><![CDATA[
  <ul class="breadcrumb" itemscope itemtype="https://schema.org/BreadcrumbList">
    {% for key, breadcrumb in breadcrumbs %}
      {% if key + 1 < breadcrumbs|length %}
      <li itemprop="itemListElement" itemscope itemtype="https://schema.org/ListItem">
        <a itemscope itemtype="https://schema.org/Thing" itemprop="item" href="{{ breadcrumb.href }}"><span itemprop="name">{{ breadcrumb.text }}</span></a>
        <meta itemprop="position" content="{{key+1}}">
      </li>
      {% else %}
      <li itemprop="itemListElement" itemscope itemtype="https://schema.org/ListItem">
        <span itemprop="name">{{ breadcrumb.text }}</span>
        <meta itemprop="position" content="{{key+1}}">
      </li>
      {% endif %}
    {% endfor %}
  </ul>]]></add>
        </operation>
    </file>
    <file path="catalog/view/theme/default/template/information/sitemap.twig">
        <operation>
            <search><![CDATA[ <ul class="breadcrumb"> ]]></search>
            <add position="replace" offset="5"><![CDATA[
  <ul class="breadcrumb" itemscope itemtype="https://schema.org/BreadcrumbList">
    {% for key, breadcrumb in breadcrumbs %}
      {% if key + 1 < breadcrumbs|length %}
      <li itemprop="itemListElement" itemscope itemtype="https://schema.org/ListItem">
        <a itemscope itemtype="https://schema.org/Thing" itemprop="item" href="{{ breadcrumb.href }}"><span itemprop="name">{{ breadcrumb.text }}</span></a>
        <meta itemprop="position" content="{{key+1}}">
      </li>
      {% else %}
      <li itemprop="itemListElement" itemscope itemtype="https://schema.org/ListItem">
        <span itemprop="name">{{ breadcrumb.text }}</span>
        <meta itemprop="position" content="{{key+1}}">
      </li>
      {% endif %}
    {% endfor %}
  </ul>]]></add>
        </operation>
    </file>
    <file path="catalog/view/theme/default/template/information/tracking.twig">
        <operation>
            <search><![CDATA[ <ul class="breadcrumb"> ]]></search>
            <add position="replace" offset="5"><![CDATA[
  <ul class="breadcrumb" itemscope itemtype="https://schema.org/BreadcrumbList">
    {% for key, breadcrumb in breadcrumbs %}
      {% if key + 1 < breadcrumbs|length %}
      <li itemprop="itemListElement" itemscope itemtype="https://schema.org/ListItem">
        <a itemscope itemtype="https://schema.org/Thing" itemprop="item" href="{{ breadcrumb.href }}"><span itemprop="name">{{ breadcrumb.text }}</span></a>
        <meta itemprop="position" content="{{key+1}}">
      </li>
      {% else %}
      <li itemprop="itemListElement" itemscope itemtype="https://schema.org/ListItem">
        <span itemprop="name">{{ breadcrumb.text }}</span>
        <meta itemprop="position" content="{{key+1}}">
      </li>
      {% endif %}
    {% endfor %}
  </ul>]]></add>
        </operation>
    </file>

    <file path="catalog/view/theme/default/template/product/category.twig">
        <operation>
            <search><![CDATA[ <ul class="breadcrumb"> ]]></search>
            <add position="replace" offset="5"><![CDATA[
  <ul class="breadcrumb" itemscope itemtype="https://schema.org/BreadcrumbList">
    {% for key, breadcrumb in breadcrumbs %}
      {% if key + 1 < breadcrumbs|length %}
      <li itemprop="itemListElement" itemscope itemtype="https://schema.org/ListItem">
        <a itemscope itemtype="https://schema.org/Thing" itemprop="item" href="{{ breadcrumb.href }}"><span itemprop="name">{{ breadcrumb.text }}</span></a>
        <meta itemprop="position" content="{{key+1}}">
      </li>
      {% else %}
      <li itemprop="itemListElement" itemscope itemtype="https://schema.org/ListItem">
        <span itemprop="name">{{ breadcrumb.text }}</span>
        <meta itemprop="position" content="{{key+1}}">
      </li>
      {% endif %}
    {% endfor %}
  </ul>]]></add>
        </operation>
    </file>
    <file path="catalog/view/theme/default/template/product/compare.twig">
        <operation>
            <search><![CDATA[ <ul class="breadcrumb"> ]]></search>
            <add position="replace" offset="5"><![CDATA[
  <ul class="breadcrumb" itemscope itemtype="https://schema.org/BreadcrumbList">
    {% for key, breadcrumb in breadcrumbs %}
      {% if key + 1 < breadcrumbs|length %}
      <li itemprop="itemListElement" itemscope itemtype="https://schema.org/ListItem">
        <a itemscope itemtype="https://schema.org/Thing" itemprop="item" href="{{ breadcrumb.href }}"><span itemprop="name">{{ breadcrumb.text }}</span></a>
        <meta itemprop="position" content="{{key+1}}">
      </li>
      {% else %}
      <li itemprop="itemListElement" itemscope itemtype="https://schema.org/ListItem">
        <span itemprop="name">{{ breadcrumb.text }}</span>
        <meta itemprop="position" content="{{key+1}}">
      </li>
      {% endif %}
    {% endfor %}
  </ul>]]></add>
        </operation>
    </file>
    <file path="catalog/view/theme/default/template/product/manufacturer_info.twig">
        <operation>
            <search><![CDATA[ <ul class="breadcrumb"> ]]></search>
            <add position="replace" offset="5"><![CDATA[
  <ul class="breadcrumb" itemscope itemtype="https://schema.org/BreadcrumbList">
    {% for key, breadcrumb in breadcrumbs %}
      {% if key + 1 < breadcrumbs|length %}
      <li itemprop="itemListElement" itemscope itemtype="https://schema.org/ListItem">
        <a itemscope itemtype="https://schema.org/Thing" itemprop="item" href="{{ breadcrumb.href }}"><span itemprop="name">{{ breadcrumb.text }}</span></a>
        <meta itemprop="position" content="{{key+1}}">
      </li>
      {% else %}
      <li itemprop="itemListElement" itemscope itemtype="https://schema.org/ListItem">
        <span itemprop="name">{{ breadcrumb.text }}</span>
        <meta itemprop="position" content="{{key+1}}">
      </li>
      {% endif %}
    {% endfor %}
  </ul>]]></add>
        </operation>
    </file>
    <file path="catalog/view/theme/default/template/product/manufacturer_list.twig">
        <operation>
            <search><![CDATA[ <ul class="breadcrumb"> ]]></search>
            <add position="replace" offset="5"><![CDATA[
  <ul class="breadcrumb" itemscope itemtype="https://schema.org/BreadcrumbList">
    {% for key, breadcrumb in breadcrumbs %}
      {% if key + 1 < breadcrumbs|length %}
      <li itemprop="itemListElement" itemscope itemtype="https://schema.org/ListItem">
        <a itemscope itemtype="https://schema.org/Thing" itemprop="item" href="{{ breadcrumb.href }}"><span itemprop="name">{{ breadcrumb.text }}</span></a>
        <meta itemprop="position" content="{{key+1}}">
      </li>
      {% else %}
      <li itemprop="itemListElement" itemscope itemtype="https://schema.org/ListItem">
        <span itemprop="name">{{ breadcrumb.text }}</span>
        <meta itemprop="position" content="{{key+1}}">
      </li>
      {% endif %}
    {% endfor %}
  </ul>]]></add>
        </operation>
    </file>
    <file path="catalog/view/theme/default/template/product/product.twig">
        <operation>
            <search><![CDATA[ <ul class="breadcrumb"> ]]></search>
            <add position="replace" offset="5"><![CDATA[
  <ul class="breadcrumb" itemscope itemtype="https://schema.org/BreadcrumbList">
    {% for key, breadcrumb in breadcrumbs %}
      {% if key + 1 < breadcrumbs|length %}
      <li itemprop="itemListElement" itemscope itemtype="https://schema.org/ListItem">
        <a itemscope itemtype="https://schema.org/Thing" itemprop="item" href="{{ breadcrumb.href }}"><span itemprop="name">{{ breadcrumb.text }}</span></a>
        <meta itemprop="position" content="{{key+1}}">
      </li>
      {% else %}
      <li itemprop="itemListElement" itemscope itemtype="https://schema.org/ListItem">
        <span itemprop="name">{{ breadcrumb.text }}</span>
        <meta itemprop="position" content="{{key+1}}">
      </li>
      {% endif %}
    {% endfor %}
  </ul>]]></add>
        </operation>
    </file>
    <file path="catalog/view/theme/default/template/product/search.twig">
        <operation>
            <search><![CDATA[ <ul class="breadcrumb"> ]]></search>
            <add position="replace" offset="5"><![CDATA[
  <ul class="breadcrumb" itemscope itemtype="https://schema.org/BreadcrumbList">
    {% for key, breadcrumb in breadcrumbs %}
      {% if key + 1 < breadcrumbs|length %}
      <li itemprop="itemListElement" itemscope itemtype="https://schema.org/ListItem">
        <a itemscope itemtype="https://schema.org/Thing" itemprop="item" href="{{ breadcrumb.href }}"><span itemprop="name">{{ breadcrumb.text }}</span></a>
        <meta itemprop="position" content="{{key+1}}">
      </li>
      {% else %}
      <li itemprop="itemListElement" itemscope itemtype="https://schema.org/ListItem">
        <span itemprop="name">{{ breadcrumb.text }}</span>
        <meta itemprop="position" content="{{key+1}}">
      </li>
      {% endif %}
    {% endfor %}
  </ul>]]></add>
        </operation>
    </file>
    <file path="catalog/view/theme/default/template/product/special.twig">
        <operation>
            <search><![CDATA[ <ul class="breadcrumb"> ]]></search>
            <add position="replace" offset="5"><![CDATA[
  <ul class="breadcrumb" itemscope itemtype="https://schema.org/BreadcrumbList">
    {% for key, breadcrumb in breadcrumbs %}
      {% if key + 1 < breadcrumbs|length %}
      <li itemprop="itemListElement" itemscope itemtype="https://schema.org/ListItem">
        <a itemscope itemtype="https://schema.org/Thing" itemprop="item" href="{{ breadcrumb.href }}"><span itemprop="name">{{ breadcrumb.text }}</span></a>
        <meta itemprop="position" content="{{key+1}}">
      </li>
      {% else %}
      <li itemprop="itemListElement" itemscope itemtype="https://schema.org/ListItem">
        <span itemprop="name">{{ breadcrumb.text }}</span>
        <meta itemprop="position" content="{{key+1}}">
      </li>
      {% endif %}
    {% endfor %}
  </ul>]]></add>
        </operation>
    </file>
</modification>