<?xml version="1.0" encoding="utf-8"?>
<modification>
    <name>Clear Cart Button</name>
    <version>0.9</version>
    <author>selby.su</author>
    <link>https://selby.su</link>
    <code>clear_cart_button</code>
    <file path="catalog/controller/checkout/cart.php">
        <operation>
            <search><![CDATA[ public function add() { ]]></search>
            <add position="before"><![CDATA[
    public function clear()
    {
        $this->cart->clear();
        $this->response->redirect(
            $this->url->link('checkout/cart')
        );
    }]]></add>
        </operation>
    </file>
    <file path="catalog/view/theme/default/template/checkout/cart.twig">
        <operation>
            <search><![CDATA[ </h1> ]]></search>
            <add position="after"><![CDATA[
      <div class="text-right" style="margin-bottom:1rem">
        <span style="margin-right:1rem">Очистить корзину</span>
        <a href="/index.php?route=checkout/cart/clear" class="btn btn-danger"><i class="fa fa-times-circle"></i></a>
      </div>]]></add>
        </operation>
    </file>
    <file path="catalog/language/ru-ru/checkout/cart.php">
        <operation>
            <search><![CDATA[ $_['text_payment_until_canceled_description'] 	= 'Стоимость: %s; Периодичность: %d %s; Кол-во платежей: до отмены'; ]]></search>
            <add position="after"><![CDATA[
$_['text_clear_cart'] = 'Очистить корзину';]]></add>
        </operation>
    </file>
    <file path="catalog/language/en-gb/checkout/cart.php">
        <operation>
            <search><![CDATA[ $_['text_payment_cancel']      = '%s every %d %s(s) until canceled'; ]]></search>
            <add position="after"><![CDATA[
$_['text_clear_cart'] = 'Clear Cart';]]></add>
        </operation>
    </file>
</modification>
